{
    "value": 0.05476994067430496,
    "params": {
        "lr": 0.0022912808233613215,
        "batch_size": 8
    }
}