{
    "loss": 0.06235855719360247,
    "seed": 171,
    "runtime": 982.3779239654541
}