{
    "value": 0.02975504659116268,
    "params": {
        "lr": 0.0034437454092228793,
        "batch_size": 10,
        "lambda1_mfactor": 0.4840899302646103
    }
}