
{
  "mpi_rank_count": 2,
  "curves": 
  {
    "t": [0.0001, 0.0002, 0.0003, 0.0004, 0.0005, 0.0006, 0.0007, 0.0008, 0.0009, 0.001],
    "smith_temperature": 
    {
      "l1norms": [5.52842270344463, 5.52843014356669, 5.52842934367034, 5.52842676290203, 5.52842462193421, 5.52842378856501, 5.52842438460632, 5.52842511185959, 5.52842621095404, 5.52842681213355],
      "l2norms": [2.6526181303602, 2.65016815571671, 2.64819691873445, 2.64649761873597, 2.64498188851245, 2.64360137550828, 2.64232597372186, 2.64113494820133, 2.64001399914581, 2.63895211816729],
      "linfnorms": [2.1138030904826, 2.07441905383936, 2.04597802025999, 2.03941834663559, 2.02517914470451, 2.02462726080141, 2.01819456736395, 2.0146095261262, 2.01344573019973, 2.01278765381173],
      "avgs": [1.15371543043356, 1.1524722645192, 1.15324176802849, 1.15269459162296, 1.15306751582895, 1.15281023809035, 1.15298732762494, 1.15286694827899, 1.15294966491249, 1.15289360580408],
      "mins": [0.892792748140702, 0.956267315385114, 0.9734335291441, 0.967326166082407, 0.98524280200406, 0.981380640054928, 0.9932383098256, 0.994869878371495, 0.994785815065857, 0.996198833758035],
      "maxs": [2.16940578635314, 2.08887602370153, 2.05168256338147, 2.04586077940956, 2.02730331776622, 2.01726699818017, 2.01534579957805, 2.01241667016184, 2.0108967967558, 2.0077290521957]
    },
    "smith_temperature_rate": 
    {
      "l1norms": [558.041172298059, 344.332332598638, 249.2365233502, 186.224314452346, 160.216207240209, 129.075500730164, 115.979117880494, 101.448795087072, 92.9965716092237, 85.4005942587199],
      "l2norms": [739.266141141165, 344.985873754475, 235.563114368869, 181.611648503282, 149.309926301933, 127.938717381706, 112.802119757408, 101.491986795758, 92.666834772811, 85.5385380802565],
      "linfnorms": [2375.3827794412, 896.863710745144, 606.626441492607, 480.773176873841, 313.540420531209, 313.080643504233, 216.316209228439, 221.170089893745, 169.120727141567, 166.680033107491],
      "avgs": [8.86628082350577, -12.4316591436073, 7.69503509285683, -5.4717640552457, 3.7292420598413, -2.57277738599614, 1.77089534596084, -1.20379345957199, 0.827166335038445, -0.560591084083028],
      "mins": [-4559.71586500606, -1479.21888577656, -642.08853392323, -661.524519822815, -306.065511588177, -401.601213009406, -205.580392171398, -267.303164194672, -161.022552910562, -192.49457841306],
      "maxs": [2898.22294527633, 806.158089440582, 815.24613595071, 408.791643374065, 356.141105433683, 253.595299927872, 190.651068276395, 178.499032579707, 131.800955003742, 135.837464179682]
    }
  },
  "sidre_group_name": "smith_summary"
}
