
{
  "mpi_rank_count": 1,
  "curves": 
  {
    "t": [1.0, 2.0, 3.0, 4.0, 5.0, 6.0, 7.0, 8.0, 9.0, 10.0],
    "smith_temperature": 
    {
      "l1norms": [4.85623576996841, 4.76591928842361, 4.756350433306, 4.75538642651867, 4.75529040314829, 4.75528086275153, 4.75527991540492, 4.75527982134664, 4.75527972728839, 4.75527980266994],
      "l2norms": [2.22741035770052, 2.18554313613263, 2.18115140459618, 2.18070929881613, 2.18066526439889, 2.18066088939213, 2.18066045496103, 2.1806604118281, 2.18066036869517, 2.1806604032634],
      "linfnorms": [1.07401398628174, 1.00635779678617, 1.00060750061734, 1.00005979235897, 1.00000592500087, 1.00000058800186, 1.00000005837287, 1.00000000579528, 0.999999999998448, 0.999999999999845],
      "avgs": [1.01994698524151, 1.0021015601811, 1.00021146000355, 1.00002105743761, 1.00000209203217, 1.00000020773273, 1.00000002062487, 1.00000000204768, 0.999999983470499, 0.999999998358901],
      "mins": [1.0, 1.0, 1.0, 1.0, 1.0, 1.0, 1.0, 1.0, 0.999999953206777, 0.999999995354361],
      "maxs": [1.07403230383871, 1.00635927411108, 1.00060764150602, 1.00005980614274, 1.00000592637221, 1.00000058813871, 1.00000005838647, 1.00000000579663, 1.0, 1.0]
    },
    "smith_temperature_rate": 
    {
      "l1norms": [0.786439285460873, 0.0903164815447589, 0.00956885511762259, 0.000964006787335588, 9.60233703698191e-05, 9.54039675506019e-06, 9.47346640876396e-07, 9.4058262808941e-08, 9.4058262808941e-08, 7.53815624267602e-08],
      "l2norms": [0.817217524466299, 0.0582673950252309, 0.00569970908619137, 0.00056547798488998, 5.61400525998165e-05, 5.5737072703687e-06, 5.53370736622321e-07, 5.49399495562528e-08, 5.49399495562528e-08, 4.40308144571154e-08],
      "linfnorms": [1.07407070713061, 0.0676561894955705, 0.00575029616882935, 0.000547708258367441, 5.3867358104644e-05, 5.33699900383931e-06, 5.29628988249125e-07, 5.2577589708321e-08, 5.2577589708321e-08, 4.21377585838262e-08],
      "avgs": [-0.132881817109709, -0.017845425060408, -0.00189010017754602, -0.000190402565941869, -1.89654054408946e-05, -1.88429943829734e-06, -1.87107857567747e-07, -1.85771871079562e-08, -1.85771871079562e-08, 1.48884030447112e-08],
      "mins": [-0.954759480263417, -0.0676730297276231, -0.00575163260506496, -0.000547835363277553, -5.38797705326948e-05, -5.33823349861809e-06, -5.29752234080019e-07, -5.25898503061994e-08, -5.25898503061994e-08, 0.0],
      "maxs": [0.0447012304240565, 0.0, 0.0, 0.0, 0.0, 0.0, 0.0, 0.0, 0.0, 4.21475862178712e-08]
    }
  },
  "sidre_group_name": "smith_summary"
}
