
{
  "mpi_rank_count": 1,
  "curves": 
  {
    "t": [1.0, 2.0, 3.0, 4.0, 5.0],
    "smith_temperature": 
    {
      "l1norms": [4.85623576996841, 4.76591928842361, 4.756350433306, 4.75538642651867, 4.75529040314829],
      "l2norms": [2.22741035770052, 2.18554313613263, 2.18115140459618, 2.18070929881613, 2.18066526439889],
      "linfnorms": [1.07401398628174, 1.00635779678617, 1.00060750061734, 1.00005979235897, 1.00000592500087],
      "avgs": [1.01994698524151, 1.0021015601811, 1.00021146000355, 1.00002105743761, 1.00000209203217],
      "mins": [1.0, 1.0, 1.0, 1.0, 1.0],
      "maxs": [1.07403230383871, 1.00635927411108, 1.00060764150602, 1.00005980614274, 1.00000592637221]
    },
    "smith_temperature_rate": 
    {
      "l1norms": [0.786439285460873, 0.0903164815447589, 0.00956885511762259, 0.000964006787335588, 9.60233703698191e-05],
      "l2norms": [0.817217524466299, 0.0582673950252309, 0.00569970908619137, 0.00056547798488998, 5.61400525998165e-05],
      "linfnorms": [1.07407070713061, 0.0676561894955705, 0.00575029616882935, 0.000547708258367441, 5.3867358104644e-05],
      "avgs": [-0.132881817109709, -0.017845425060408, -0.00189010017754602, -0.000190402565941869, -1.89654054408946e-05],
      "mins": [-0.954759480263417, -0.0676730297276231, -0.00575163260506496, -0.000547835363277553, -5.38797705326948e-05],
      "maxs": [0.0447012304240565, 0.0, 0.0, 0.0, 0.0]
    }
  },
  "sidre_group_name": "smith_summary"
}
