
{
  "user_name": "meemee",
  "host_name": "lassen400",
  "mpi_rank_count": 2,
  "curves": 
  {
    "t": [1.0, 2.0, 3.0, 4.0, 5.0, 6.0],
    "smith_velocity": 
    {
      "l1norms": [0.621399558919508, 0.614795953399627, 0.592991002060421, 0.578827628582234, 0.567787445904048, 0.565898608301252],
      "l2norms": [0.250112097827641, 0.246267460391683, 0.239304800875029, 0.235311986194342, 0.229532689406566, 0.225232405010254],
      "linfnorms": [0.131721117802868, 0.13374699687542, 0.129560981580025, 0.129995323989049, 0.124772725248993, 0.118528088423666],
      "avgs": [0.00983726176304118, 0.0102074718626078, 0.010344694392607, 0.0107953604243125, 0.0119938443904269, 0.013112897841061],
      "mins": [-0.106569197247788, -0.114388058406795, -0.0749995205999588, -0.0488186864835945, -0.0552965249589632, -0.0720078254950664],
      "maxs": [0.124448163531703, 0.117600108687555, 0.121622639386846, 0.121623397059748, 0.120032327195319, 0.11471938819573]
    },
    "smith_displacement": 
    {
      "l1norms": [0.623531360371456, 1.23959840761378, 1.83600750871191, 2.41940183721131, 2.97466956980988, 3.53404068017802],
      "l2norms": [0.251395614544615, 0.49843231451688, 0.738551585301337, 0.973458546992064, 1.1995480088363, 1.42249889277668],
      "linfnorms": [0.129270898488231, 0.257099267686408, 0.382329896673332, 0.508334327969622, 0.62801039836109, 0.741269619536283],
      "avgs": [0.00960613088152059, 0.0196284976943451, 0.0299045808219525, 0.0404746082304122, 0.0518692106377819, 0.0644225817535259],
      "mins": [-0.103284598623894, -0.213763226451186, -0.308237597752975, -0.369927283093164, -0.408031347653655, -0.440657219602326],
      "maxs": [0.121306113015852, 0.241701610952418, 0.35951724591158, 0.477783882738628, 0.590952618999901, 0.699665036436196]
    }
  },
  "sidre_group_name": "smith_summary"
}
