
{
  "mpi_rank_count": 2,
  "curves": 
  {
    "t": 1.0,
    "smith_temperature": 
    {
      "l1norms": 0.86245249684575,
      "l2norms": 0.643674506713085,
      "linfnorms": 1.60116770909853,
      "avgs": 3.63624930392805e-08,
      "mins": -1.62966789714194,
      "maxs": 1.62966789714194
    }
  },
  "sidre_group_name": "smith_summary"
}
