
{
  "mpi_rank_count": 1,
  "curves": 
  {
    "t": [1.0, 2.0, 3.0, 4.0, 5.0, 6.0],
    "smith_velocity": 
    {
      "l1norms": [0.618333268602225, 0.608304873542915, 0.598276478483612, 0.588248083424297, 0.578219688364989, 0.568191293305681],
      "l2norms": [0.251529344225824, 0.249359337387339, 0.24717027992425, 0.244961661109267, 0.242732946978754, 0.240483578825188],
      "linfnorms": [0.127055404602233, 0.127055404602233, 0.127055404602233, 0.127055404602233, 0.127055404602233, 0.127055404602233],
      "avgs": [0.009375, 0.009375, 0.009375, 0.009375, 0.009375, 0.009375],
      "mins": [-0.1, -0.1, -0.1, -0.1, -0.1, -0.1],
      "maxs": [0.1181640625, 0.1181640625, 0.1181640625, 0.1181640625, 0.1181640625, 0.1181640625]
    },
    "smith_displacement": 
    {
      "l1norms": [0.618333268602225, 1.21660974708583, 1.79482943545082, 2.35299233369719, 2.89109844182494, 3.40914775983407],
      "l2norms": [0.251529344225824, 0.498718674774678, 0.741510839772748, 0.979846644437068, 1.21366473489377, 1.44290147295113],
      "linfnorms": [0.127055404602233, 0.254110809204467, 0.3811662138067, 0.508221618408934, 0.635277023011168, 0.762332427613401],
      "avgs": [0.009375, 0.01875, 0.028125, 0.0375, 0.046875, 0.0562500000000001],
      "mins": [-0.1, -0.2, -0.3, -0.4, -0.5, -0.6],
      "maxs": [0.1181640625, 0.236328125, 0.3544921875, 0.47265625, 0.5908203125, 0.708984375]
    }
  },
  "sidre_group_name": "smith_summary"
}
