{
    "loss": 0.026186512595721346,
    "seed": 20,
    "runtime": 1544.7588567733765
}