
{
  "mpi_rank_count": 1,
  "curves": 
  {
    "t": [1.0, 2.0, 3.0, 4.0, 5.0, 6.0],
    "smith_displacement": 
    {
      "l1norms": [0.624133450045077, 1.23942801149317, 1.84040079625926, 2.42009468503079, 2.98253606538004, 3.53380620888391],
      "l2norms": [0.251529524350687, 0.498413702305158, 0.739519083508809, 0.973628120364457, 1.20124058896159, 1.42250402982433],
      "linfnorms": [0.129270371793334, 0.257092436384144, 0.38232439042254, 0.508331933303374, 0.628049530984245, 0.741354698357945],
      "avgs": [0.00960611530844831, 0.0196287337301888, 0.0299055492197082, 0.0404764509204579, 0.0518712072398446, 0.0644240340669573],
      "mins": [-0.103285942346421, -0.213770124919957, -0.308309590033046, -0.37008583161299, -0.408275357988709, -0.440977094878394],
      "maxs": [0.121305483303683, 0.24169302632194, 0.359510876189047, 0.477780763961159, 0.590991675655042, 0.699752669907149]
    },
    "smith_velocity": 
    {
      "l1norms": [0.621999638613476, 0.614747191342247, 0.594427369745065, 0.578975969660069, 0.569198082087464, 0.565753046567203],
      "l2norms": [0.250245502689479, 0.246274281063141, 0.239630750033834, 0.235369092785582, 0.229862250104936, 0.225241667938311],
      "linfnorms": [0.13171999973633, 0.13377127121652, 0.129567953445817, 0.130029338006204, 0.124784219056868, 0.118566550826848],
      "avgs": [0.00983723061689663, 0.0102080062265844, 0.0103456247524544, 0.0107961786490449, 0.0119933339897285, 0.0131123196644968],
      "mins": [-0.106571884692843, -0.114396480454228, -0.0751188232747632, -0.0488700333879391, -0.0552444786778351, -0.0719611329834161],
      "maxs": [0.124446904107365, 0.11759047400593, 0.121632588386085, 0.121644373297724, 0.120034902105705, 0.114804586487572]
    },
    "smith_acceleration": 
    {
      "l1norms": [0.0654777163234762, 0.0786024488414162, 0.0706850914604301, 0.0834981794506226, 0.0673867635760552, 0.0851638802864761],
      "l2norms": [0.0297506721684736, 0.0351174271986082, 0.0336436774140925, 0.0373221570208989, 0.0299718662804344, 0.0355514485019167],
      "linfnorms": [0.0497205254926336, 0.0379680802606735, 0.0451870736719263, 0.0383448048856979, 0.0393905150815017, 0.0324436593432024],
      "avgs": [0.000462230616896617, 0.000370775609687753, 0.000137618525870076, 0.000450553896590465, 0.00119715534068362, 0.0011189856747683],
      "mins": [-0.020940351176349, -0.0241546588492687, -0.0300341778883224, -0.0251038526595884, -0.0162850755304988, -0.0245135704593311],
      "maxs": [0.0459052993010698, 0.0363755290999208, 0.0405862280892018, 0.0403788250223193, 0.0347901061887673, 0.0292838172857733]
    }
  },
  "sidre_group_name": "smith_summary"
}
