{
    "value": 0.003910949610479742,
    "params": {
        "lr": 0.002482884780966882,
        "batch_size": 4,
        "layer1_size": 63,
        "layer2_size": 98,
        "layer3_size": 30,
        "w_dx": 0.22816989332325596,
        "w_dz": 0.6719555656053005
    },
    "optuna_runtime": 1862.7075650691986,
    "random_seed": 10
}