{
    "loss": 0.0941927553202114,
    "seed": 78,
    "runtime": 110.8401746749878
}