
{
  "mpi_rank_count": 2,
  "curves": 
  {
    "t": [1.0, 2.0, 3.0, 4.0, 5.0, 6.0],
    "smith_displacement": 
    {
      "l1norms": [0.624133448823846, 1.23942800720086, 1.84040078909638, 2.42009467450783, 2.98253605045108, 3.53380619199238],
      "l2norms": [0.251529523639047, 0.49841369990996, 0.739519079928608, 0.97362811668285, 1.20124058571099, 1.42250402656617],
      "linfnorms": [0.129270369483895, 0.257092431392783, 0.382324384432308, 0.508331934717996, 0.628049538637367, 0.741354698612617],
      "avgs": [0.00960611537247317, 0.0196287338759559, 0.0299055495073933, 0.040476451907845, 0.0518712093736819, 0.0644240366892476],
      "mins": [-0.103285940185413, -0.213770119272107, -0.308309581180407, -0.370085820699629, -0.408275337544792, -0.440977070214616],
      "maxs": [0.121305482664699, 0.241693023847687, 0.359510873389324, 0.477780767612508, 0.590991689140068, 0.699752670885138]
    },
    "smith_velocity": 
    {
      "l1norms": [0.62199963629518, 0.614747188213215, 0.594427367379297, 0.578975957315651, 0.569198070948392, 0.565753049524077],
      "l2norms": [0.250245501333218, 0.246274279423547, 0.239630749614867, 0.235369093251198, 0.229862249635848, 0.225241666970857],
      "linfnorms": [0.13171999507127, 0.133771275967023, 0.129567948353144, 0.130029334284235, 0.124784208853358, 0.118566592130435],
      "avgs": [0.00983723074494635, 0.010208006262019, 0.0103456250008557, 0.0107961798000478, 0.0119933351316261, 0.0131123194995052],
      "mins": [-0.106571880370826, -0.114396477802562, -0.0751188151963533, -0.0488700330244068, -0.0552445423849194, -0.0719611151126378],
      "maxs": [0.124446902829399, 0.117590473002328, 0.121632571934415, 0.121644377008425, 0.120034906038455, 0.114804576947348]
    },
    "smith_acceleration": 
    {
      "l1norms": [0.0654777198705412, 0.0786024527344871, 0.0706850970993832, 0.0834981733863709, 0.0673867603810077, 0.08516389150983],
      "l2norms": [0.0297506734187952, 0.0351174290023725, 0.0336436795316949, 0.037322155525661, 0.0299718653174274, 0.0355514558261768],
      "linfnorms": [0.049720528954795, 0.0379680770202612, 0.0451871011954867, 0.0383448011351062, 0.0393905464271136, 0.0324436923651693],
      "avgs": [0.000462230744946345, 0.000370775517072691, 0.0001376187388367, 0.000450554799192024, 0.00119715533157833, 0.00111898436787912],
      "mins": [-0.0209403474019859, -0.024154655945497, -0.0300342447550321, -0.0251038386555237, -0.0162850773700269, -0.0245135984058403],
      "maxs": [0.0459053015001272, 0.0363755266494201, 0.0405862531977288, 0.0403788233647909, 0.0347901451403032, 0.0292838059774637]
    }
  },
  "sidre_group_name": "smith_summary"
}
