
{
  "mpi_rank_count": 1,
  "curves": 
  {
    "t": 1.0,
    "smith_velocity": 
    {
      "l1norms": 0.0,
      "l2norms": 0.0,
      "linfnorms": 0.0,
      "avgs": 0.0,
      "mins": 0.0,
      "maxs": 0.0
    },
    "smith_displacement": 
    {
      "l1norms": 6.10582510582145,
      "l2norms": 2.79954038831455,
      "linfnorms": 2.03592820977043,
      "avgs": -0.383826322008832,
      "mins": -2.04157635377751,
      "maxs": 0.19126916411087
    }
  },
  "sidre_group_name": "smith_summary"
}
