
{
  "mpi_rank_count": 2,
  "curves": 
  {
    "t": 1.0,
    "smith_velocity": 
    {
      "l1norms": 0.0,
      "l2norms": 0.0,
      "linfnorms": 0.0,
      "avgs": 0.0,
      "mins": 0.0,
      "maxs": 0.0
    },
    "smith_displacement": 
    {
      "l1norms": 4.80697957100987,
      "l2norms": 2.23091990457637,
      "linfnorms": 1.64464756563765,
      "avgs": 0.181136957831849,
      "mins": -0.365645484034355,
      "maxs": 1.66442088037761
    }
  },
  "sidre_group_name": "smith_summary"
}
