{
    "value": 0.0036327782862887624,
    "params": {
        "lr": 0.00314227212817401,
        "batch_size": 4,
        "layer1_size": 42,
        "layer2_size": 36,
        "layer3_size": 46,
        "lambda1_metaweight": 0.5353139650038768
    },
    "optuna_runtime": 2381.4775240421295,
    "random_seed": 0
}