{
    "value": 0.029853282496333122,
    "params": {
        "lr": 0.0023801739536769844,
        "batch_size": 8,
        "lambda1_mfactor": 0.47979340314178254
    }
}