
{
  "mpi_rank_count": 1,
  "curves": 
  {
    "t": [1.0, 2.0, 3.0, 4.0, 5.0, 6.0],
    "smith_displacement": 
    {
      "l1norms": [0.624133445685589, 1.23942799412827, 1.84040076465021, 2.42009464988142, 2.98253604597914, 3.53380620759778],
      "l2norms": [0.251529521894169, 0.498413695521733, 0.739519072642887, 0.973628104223929, 1.20124056886955, 1.42250401075283],
      "linfnorms": [0.129270359875735, 0.257092407504568, 0.382324385284051, 0.508331919639519, 0.628049514549539, 0.741354668656996],
      "avgs": [0.00960611490458604, 0.0196287328114807, 0.0299055483133576, 0.0404764501093209, 0.0518712047173278, 0.0644240309734569],
      "mins": [-0.103285968337053, -0.213770161709996, -0.308309598867986, -0.370085764164609, -0.408275313181768, -0.440977167144453],
      "maxs": [0.121305470052208, 0.241692991985191, 0.359510878635473, 0.477780760623473, 0.590991658344687, 0.699752644818065]
    },
    "smith_velocity": 
    {
      "l1norms": [0.621999629786774, 0.614747173289526, 0.594427354327252, 0.578975978370138, 0.569198112159647, 0.565753037515867],
      "l2norms": [0.250245497817819, 0.246274277442354, 0.239630741850858, 0.235369081291144, 0.229862244849682, 0.225241667473855],
      "linfnorms": [0.131719979474806, 0.133771248602105, 0.129567943121928, 0.130029308799791, 0.124784266190262, 0.118566522298718],
      "avgs": [0.00983722980917209, 0.0102080060046173, 0.0103456249991365, 0.01079617859279, 0.0119933306232237, 0.0131123218890346],
      "mins": [-0.106571936674107, -0.114396450071778, -0.0751187791247075, -0.0488699063490429, -0.0552444789990767, -0.0719611344937478],
      "maxs": [0.124446877604416, 0.117590449833705, 0.121632596500527, 0.12164428114925, 0.120034976298912, 0.114804642882954]
    },
    "smith_acceleration": 
    {
      "l1norms": [0.0654777294151562, 0.0786024251946924, 0.0706849821003743, 0.0834981011071129, 0.0673867163165988, 0.0851638486648808],
      "l2norms": [0.029750673288622, 0.0351174255737482, 0.033643654168891, 0.0373221348202092, 0.0299718542161083, 0.0355514378896416],
      "linfnorms": [0.0497204925566903, 0.0379681139565369, 0.0451870921041466, 0.0383447525186313, 0.0393904898233246, 0.0324437073659077],
      "avgs": [0.000462229809172092, 0.000370776195445166, 0.000137618994519262, 0.000450553593653515, 0.00119715203043363, 0.00111899126581093],
      "mins": [-0.0209403076931295, -0.0241547039793225, -0.0300342256220588, -0.0251037623157642, -0.0162849907367223, -0.0245135241896182],
      "maxs": [0.0459052892002198, 0.0363756492148374, 0.0405862905939238, 0.0403788206070724, 0.034790056577991, 0.0292840261981206]
    }
  },
  "sidre_group_name": "smith_summary"
}
