
{
  "mpi_rank_count": 1,
  "curves": 
  {
    "t": 1.0,
    "smith_velocity": 
    {
      "l1norms": 0.0,
      "l2norms": 0.0,
      "linfnorms": 0.0,
      "avgs": 0.0,
      "mins": 0.0,
      "maxs": 0.0
    },
    "smith_displacement": 
    {
      "l1norms": 4.80697957097342,
      "l2norms": 2.23091990455948,
      "linfnorms": 1.64464756562515,
      "avgs": 0.181136957830649,
      "mins": -0.36564548403006,
      "maxs": 1.66442088036501
    }
  },
  "sidre_group_name": "smith_summary"
}
