
{
  "mpi_rank_count": 2,
  "curves": 
  {
    "t": 1.0,
    "smith_velocity": 
    {
      "l1norms": 0.0,
      "l2norms": 0.0,
      "linfnorms": 0.0,
      "avgs": 0.0,
      "mins": 0.0,
      "maxs": 0.0
    },
    "smith_displacement": 
    {
      "l1norms": 6.10582510551543,
      "l2norms": 2.79954038817549,
      "linfnorms": 2.0359282096715,
      "avgs": -0.383826321989667,
      "mins": -2.0415763536783,
      "maxs": 0.191269164102016
    }
  },
  "sidre_group_name": "smith_summary"
}
