{
    "loss": 0.02446967784110141,
    "seed": 155,
    "runtime": 2363.1176252365112
}