{
    "value": 0.0023483333106999135,
    "params": {
        "lr": 0.004886432388479633,
        "batch_size": 16
    },
    "optuna_runtime": 1079.6076831817627,
    "random_seed": 10
}