{
    "value": 0.003964301399950215,
    "params": {
        "lr": 0.0030348411572892766,
        "batch_size": 8,
        "layer1_size": 141,
        "layer2_size": 154,
        "layer3_size": 40,
        "w_dx": 0.12789450188986579,
        "w_dz": 1.1729901013704414
    },
    "optuna_runtime": 2367.9924936294556,
    "random_seed": 10
}