
{
  "mpi_rank_count": 2,
  "curves": 
  {
    "t": [0.5, 1.0, 1.5, 2.0, 2.5, 3.0, 3.5, 4.0, 4.5, 5.0],
    "smith_temperature": 
    {
      "l1norms": [10.6979157692353, 18.3765948528682, 26.3128480519364, 34.3189229116811, 42.3533612891997, 50.4023634950483, 58.4584689538894, 66.5212530514883, 74.5874952319559, 82.6554111117822],
      "l2norms": [6.19201748380101, 10.4158581643768, 14.7542620687258, 19.1294412775534, 23.5208827303734, 27.9209142334018, 32.3260282933572, 36.7343964858956, 41.1449728586292, 45.5571160661106],
      "linfnorms": [9.67947492837959, 14.5364233711764, 19.3933718073589, 24.2503202446595, 29.1072686826896, 33.9642171212908, 38.8211655590669, 43.6781139968436, 48.5350624359093, 53.3920108725901],
      "avgs": [1.00000442154558, 1.00000646812766, 1.00000854935961, 1.00001064018867, 1.00001273387716, 1.00001482838766, 1.00001692320764, 1.00001901799003, 1.00002111296944, 1.00002320789425],
      "mins": [-8.0901266492571, -12.9442166485415, -17.798306648714, -22.6523966488866, -27.5064866499473, -32.3605766492317, -37.2146666502925, -42.0687566513532, -46.922846652414, -51.7769366534747],
      "maxs": [9.75083433669051, 14.6289513368083, 19.5070683360378, 24.3851853361556, 29.2633023371615, 34.1414193390556, 39.0195363391734, 43.8976533392911, 48.7757703411853, 53.653887341303]
    },
    "smith_temperature_rate": 
    {
      "l1norms": [16.155402958592, 16.1554050020216, 16.1554042285132, 16.1554042189224, 16.1554042212537, 16.1554042214942, 16.1554042215049, 16.1554042208414, 16.1554042216004, 16.1554042211894],
      "l2norms": [8.83732142018578, 8.83732156244673, 8.83732157803225, 8.83732158148346, 8.83732158278425, 8.83732158284365, 8.83732158280417, 8.83732158246178, 8.83732158286698, 8.83732158265252],
      "linfnorms": [9.71389686290174, 9.71389688559359, 9.71389687236494, 9.71389687460128, 9.71389687606013, 9.7138968772025, 9.71389687555213, 9.71389687555356, 9.71389687813123, 9.71389687336166],
      "avgs": [4.32599009345009e-06, 4.09316414624018e-06, 4.16246388639343e-06, 4.18165810627118e-06, 4.18737698381179e-06, 4.18902097961479e-06, 4.18963998263881e-06, 4.18956477116415e-06, 4.18995880832288e-06, 4.18984955529335e-06],
      "mins": [-9.70817999945695, -9.70817999856877, -9.70818000034512, -9.70818000034512, -9.70818000212148, -9.70817999856877, -9.70818000212148, -9.70818000212148, -9.70818000212148, -9.70818000212148],
      "maxs": [9.75623400023551, 9.75623400023551, 9.75623399845915, 9.75623400023551, 9.75623400201187, 9.75623400378822, 9.75623400023551, 9.75623400023551, 9.75623400378822, 9.75623400023551]
    }
  },
  "sidre_group_name": "smith_summary"
}
