,affn,label
2722,"[1.3830700874328614, 5.1864190101623535]","[0.0, 1.0]"
1222,"[-0.27494715712964535, 4.950394153594971]","[0.0, 1.0]"
