
{
  "user_name": "meemee",
  "host_name": "lassen530",
  "mpi_rank_count": 1,
  "curves": 
  {
    "t": 1.0,
    "smith_temperature": 
    {
      "l1norms": 4.09106453476582,
      "l2norms": 2.02263801136437,
      "linfnorms": 1.00000144512962,
      "avgs": 0.99999999887329,
      "mins": 0.999998509742873,
      "maxs": 1.00000192461397
    }
  },
  "sidre_group_name": "smith_summary"
}
