
{
  "mpi_rank_count": 1,
  "curves": 
  {
    "t": 1.0,
    "smith_temperature": 
    {
      "l1norms": 5.58621580073052,
      "l2norms": 2.56980679270228,
      "linfnorms": 1.60406954577412,
      "avgs": 1.18080129273846,
      "mins": 0.99999985625699,
      "maxs": 1.6180367046668
    }
  },
  "sidre_group_name": "smith_summary"
}
