{
    "value": 0.02619379758834839,
    "params": {
        "lr": 0.002473008181020907,
        "batch_size": 8,
        "lambda1_mfactor": 0.8123967426886437
    }
}