
{
  "mpi_rank_count": 1,
  "curves": 
  {
    "t": 1.0,
    "smith_velocity": 
    {
      "l1norms": 0.0,
      "l2norms": 0.0,
      "linfnorms": 0.0,
      "avgs": 0.0,
      "mins": 0.0,
      "maxs": 0.0
    },
    "smith_displacement": 
    {
      "l1norms": 0.0305176507712669,
      "l2norms": 0.033301151128859,
      "linfnorms": 0.0572973843134545,
      "avgs": -0.00499999999484741,
      "mins": -0.05,
      "maxs": 0.03
    }
  },
  "sidre_group_name": "smith_summary"
}
